code,name,pixel_count,pct_of_classified_area
0,NoData,1131739726,
1,Swamp,41366779,1.6805211453140512
2,Mangrove,5180906,0.21047377377108428
3,Closed Savannah,168242491,6.8348339053859855
4,Water,116512113,4.733292615838428
5,Shrub Crop,225584969,9.164366180637721
6,Mining,21571773,0.8763510610389735
7,Seasonally Flooded Woody,35460506,1.4405794117191426
8,Tree Crop Plantation,301224226,12.237203222273084
9,Annual Herbaceous Cultivation,611324218,24.83498352606996
10,Permanently Flooded Woody,1568388,0.06371560130550204
11,Open Savannah,258416791,10.498155575025597
12,Open Low Shrubland,340996011,13.852927900266124
13,Open Forest,192293734,7.81191318034202
14,Closed Forest,64470442,2.6191050801596885
15,Built up,46119170,1.8735865412516994
16,Beaches,1260795,0.05121966729404359
17,Bare Rocks,29951377,1.2167716123068932
