code,name,pixel_count,area_km2,pct_of_land_area
1,Swamp,41239768,4085.742497111817,1.7106918976175254
2,Mangrove,5072913,503.95647681171374,0.21100553014368764
3,Closed Savannah,168057654,16577.615212867102,6.941013058585972
4,Water,87987804,8706.210297937063,3.6452721692968684
5,Shrub Crop,224643562,22263.099142502982,9.32151337140257
6,Mining,21441921,2127.579350683804,0.8908130552343841
7,Seasonally Flooded Woody,34805228,3431.1373805735784,1.4366100949115204
8,Tree Crop Plantation,300600465,29797.646083517033,12.476212526653542
9,Annual Herbaceous Cultivation,605099197,59590.6314960175,24.950473640032474
10,Permanently Flooded Woody,1563796,155.43354611133248,0.06507970292757768
11,Open Savannah,257176419,25282.74070370515,10.585831021403584
12,Open Low Shrubland,339200181,33494.73081463352,14.024174224875404
13,Open Forest,190382540,18879.604496477165,7.90485119049415
14,Closed Forest,64403597,6392.144409850424,2.676377588176971
15,Built up,45795846,4535.57758888252,1.8990369162524865
16,Beaches,1215970,120.55546501942283,0.050476322814769777
17,Bare Rocks,29308120,2891.2674808288148,1.2105676891765031
