model,level,bin_low,bin_high,weight_share,mean_confidence,accuracy
TabPFN-3.5,polygon_mean,0.0,0.1,0.0,,
TabPFN-3.5,polygon_mean,0.1,0.2,0.0031446540880503146,0.17213520407676697,0.0
TabPFN-3.5,polygon_mean,0.2,0.3,0.006289308176100629,0.2796661853790283,0.5
TabPFN-3.5,polygon_mean,0.3,0.4,0.03459119496855346,0.3521642061797055,0.36363636363636365
TabPFN-3.5,polygon_mean,0.4,0.5,0.05345911949685535,0.44784964708720937,0.5294117647058824
TabPFN-3.5,polygon_mean,0.5,0.6,0.07547169811320754,0.5496182789405187,0.5416666666666666
TabPFN-3.5,polygon_mean,0.6,0.7,0.06289308176100629,0.6579258590936661,0.6
TabPFN-3.5,polygon_mean,0.7,0.8,0.08490566037735849,0.7419575739789892,0.8888888888888888
TabPFN-3.5,polygon_mean,0.8,0.9,0.16352201257861634,0.8474946663929865,0.9038461538461539
TabPFN-3.5,polygon_mean,0.9,1.0,0.5157232704402516,0.9672192771260332,0.9451219512195121
TabPFN-3.5,raw_pixel_polygon_weighted,0.0,0.1,0.0,,
TabPFN-3.5,raw_pixel_polygon_weighted,0.1,0.2,0.001827409888378605,0.17615644224207838,0.2265394487926265
TabPFN-3.5,raw_pixel_polygon_weighted,0.2,0.3,0.016566686407823748,0.26436398447618725,0.31180175785252223
TabPFN-3.5,raw_pixel_polygon_weighted,0.3,0.4,0.04661285429748186,0.35474746368615345,0.3834013881062586
TabPFN-3.5,raw_pixel_polygon_weighted,0.4,0.5,0.07235160121526295,0.4520312060071606,0.5199081913214539
TabPFN-3.5,raw_pixel_polygon_weighted,0.5,0.6,0.08415943858129438,0.5511283673368453,0.6359318961573298
TabPFN-3.5,raw_pixel_polygon_weighted,0.6,0.7,0.0907823955016676,0.6527375876724857,0.7316815080245599
TabPFN-3.5,raw_pixel_polygon_weighted,0.7,0.8,0.11047653979014921,0.751591055635595,0.8385910636174435
TabPFN-3.5,raw_pixel_polygon_weighted,0.8,0.9,0.15225334350515413,0.8549512835596185,0.8935359092689039
TabPFN-3.5,raw_pixel_polygon_weighted,0.9,1.0,0.42496973081278744,0.9623496869549722,0.9558220465357951
TabPFN-3.5,raw_pixel_micro,0.0,0.1,0.0,,
TabPFN-3.5,raw_pixel_micro,0.1,0.2,0.0004997637480463781,0.18111997791989284,0.2409090909090909
TabPFN-3.5,raw_pixel_micro,0.2,0.3,0.013595845600261695,0.26288006725217666,0.3358395989974937
TabPFN-3.5,raw_pixel_micro,0.3,0.4,0.04389061534547305,0.3570519696203277,0.4531856529165157
TabPFN-3.5,raw_pixel_micro,0.4,0.5,0.07021680660051612,0.4519901922184146,0.6548042704626335
TabPFN-3.5,raw_pixel_micro,0.5,0.6,0.07007142078290263,0.548536775463527,0.7657718991117163
TabPFN-3.5,raw_pixel_micro,0.6,0.7,0.06334278341147821,0.6502661851976612,0.812437239994262
TabPFN-3.5,raw_pixel_micro,0.7,0.8,0.07253162141533094,0.7533110158025067,0.8301857245764039
TabPFN-3.5,raw_pixel_micro,0.8,0.9,0.1319944208192491,0.8602429651893998,0.8638327166336804
TabPFN-3.5,raw_pixel_micro,0.9,1.0,0.5338567222767419,0.951553856193855,0.9772135416666666
Random Forest,polygon_mean,0.0,0.1,0.0,,
Random Forest,polygon_mean,0.1,0.2,0.04716981132075472,0.17359999999999998,0.4
Random Forest,polygon_mean,0.2,0.3,0.1320754716981132,0.2507142857142858,0.5
Random Forest,polygon_mean,0.3,0.4,0.1792452830188679,0.3477543859649123,0.7368421052631579
Random Forest,polygon_mean,0.4,0.5,0.13522012578616352,0.4576279069767441,0.7906976744186046
Random Forest,polygon_mean,0.5,0.6,0.10377358490566038,0.5441212121212122,0.8484848484848485
Random Forest,polygon_mean,0.6,0.7,0.1320754716981132,0.6623809523809524,0.9285714285714286
Random Forest,polygon_mean,0.7,0.8,0.0660377358490566,0.7490476190476189,0.9523809523809523
Random Forest,polygon_mean,0.8,0.9,0.11006289308176101,0.8406285714285714,1.0
Random Forest,polygon_mean,0.9,1.0,0.09433962264150944,0.9406000000000001,1.0
Random Forest,raw_pixel_polygon_weighted,0.0,0.1,8.579498423033303e-05,0.09581309567394763,0.11609706853317896
Random Forest,raw_pixel_polygon_weighted,0.1,0.2,0.05641088028285277,0.17199046938422496,0.2731036613218564
Random Forest,raw_pixel_polygon_weighted,0.2,0.3,0.17102475401045156,0.25138495190327376,0.49757171437317993
Random Forest,raw_pixel_polygon_weighted,0.3,0.4,0.1828898545897849,0.3470972249433915,0.673638819534919
Random Forest,raw_pixel_polygon_weighted,0.4,0.5,0.13057278601226388,0.44508067449208,0.7432715811131482
Random Forest,raw_pixel_polygon_weighted,0.5,0.6,0.0951038274680348,0.5511787221735572,0.8879306617467678
Random Forest,raw_pixel_polygon_weighted,0.6,0.7,0.119685011182971,0.6529056358687204,0.9286492164169372
Random Forest,raw_pixel_polygon_weighted,0.7,0.8,0.09811301234353008,0.7499628630371765,0.9714703791112499
Random Forest,raw_pixel_polygon_weighted,0.8,0.9,0.10223537412122458,0.8467016433045184,0.9971810315851273
Random Forest,raw_pixel_polygon_weighted,0.9,1.0,0.04387870500465602,0.9403684254656554,1.0
Random Forest,raw_pixel_micro,0.0,0.1,5.6791335005270234e-05,0.09471999943256378,0.24
Random Forest,raw_pixel_micro,0.1,0.2,0.037230127576054955,0.17014070433157097,0.25724571358838244
Random Forest,raw_pixel_micro,0.2,0.3,0.15781403336604513,0.25332763377753004,0.5137683349887003
Random Forest,raw_pixel_micro,0.3,0.4,0.15691445861956166,0.34390317759779626,0.713065508505248
Random Forest,raw_pixel_micro,0.4,0.5,0.07948515247337622,0.4455809658614183,0.7408688196627607
Random Forest,raw_pixel_micro,0.5,0.6,0.07179106240686221,0.557791348288709,0.8306489890200297
Random Forest,raw_pixel_micro,0.6,0.7,0.26678070366735723,0.6560382155741343,0.928328749393302
Random Forest,raw_pixel_micro,0.7,0.8,0.14896367171882383,0.7271186890294885,0.9487152115897827
Random Forest,raw_pixel_micro,0.8,0.9,0.06185939374114055,0.846833608966574,0.9974661231684477
Random Forest,raw_pixel_micro,0.9,1.0,0.019104605095772907,0.9410404282007433,1.0
XGBoost,polygon_mean,0.0,0.1,0.0,,
XGBoost,polygon_mean,0.1,0.2,0.025157232704402517,0.159010942094028,0.625
XGBoost,polygon_mean,0.2,0.3,0.0440251572327044,0.2535043294940676,0.2857142857142857
XGBoost,polygon_mean,0.3,0.4,0.06289308176100629,0.3593435034155846,0.4
XGBoost,polygon_mean,0.4,0.5,0.06918238993710692,0.44333450631661847,0.5
XGBoost,polygon_mean,0.5,0.6,0.08490566037735849,0.5522990977322614,0.7037037037037037
XGBoost,polygon_mean,0.6,0.7,0.050314465408805034,0.6585386879742146,0.8125
XGBoost,polygon_mean,0.7,0.8,0.07861635220125786,0.7482450866699218,0.84
XGBoost,polygon_mean,0.8,0.9,0.14779874213836477,0.8525552318451253,0.723404255319149
XGBoost,polygon_mean,0.9,1.0,0.4371069182389937,0.971401270773771,0.9640287769784173
XGBoost,raw_pixel_polygon_weighted,0.0,0.1,0.00042406873472735604,0.09501071773878837,0.27080163688363273
XGBoost,raw_pixel_polygon_weighted,0.1,0.2,0.02222321375796716,0.1653902269939525,0.2848087167328467
XGBoost,raw_pixel_polygon_weighted,0.2,0.3,0.054606013162169724,0.2528616627971992,0.33969096477122385
XGBoost,raw_pixel_polygon_weighted,0.3,0.4,0.07552355104832269,0.35127023170754107,0.4223419982473395
XGBoost,raw_pixel_polygon_weighted,0.4,0.5,0.07920626414841478,0.4519335873638756,0.4711432483792858
XGBoost,raw_pixel_polygon_weighted,0.5,0.6,0.07941305288790829,0.5497306775351211,0.6179435398612277
XGBoost,raw_pixel_polygon_weighted,0.6,0.7,0.07065382485403834,0.6507354476047604,0.662526921204182
XGBoost,raw_pixel_polygon_weighted,0.7,0.8,0.09132132699643129,0.7539830779756334,0.7344026700194277
XGBoost,raw_pixel_polygon_weighted,0.8,0.9,0.1259444156260588,0.8542591191889378,0.8030682232525361
XGBoost,raw_pixel_polygon_weighted,0.9,1.0,0.4006842687839615,0.9706241646745738,0.9470111527464514
XGBoost,raw_pixel_micro,0.0,0.1,0.00010222440300948642,0.09352898299694061,0.3111111111111111
XGBoost,raw_pixel_micro,0.1,0.2,0.015776632864464072,0.16579456395537326,0.2609071274298056
XGBoost,raw_pixel_micro,0.2,0.3,0.043120524842801586,0.2528442565774455,0.3482246338636603
XGBoost,raw_pixel_micro,0.3,0.4,0.05649829171664304,0.3527317699053181,0.39604358489807406
XGBoost,raw_pixel_micro,0.4,0.5,0.06530094864245993,0.4499485305428364,0.42419814930772975
XGBoost,raw_pixel_micro,0.5,0.6,0.05593492167339076,0.549522168605434,0.5089956544693985
XGBoost,raw_pixel_micro,0.6,0.7,0.0579612365063788,0.6508683800230114,0.6175191064079953
XGBoost,raw_pixel_micro,0.7,0.8,0.06904690509940756,0.7534533644726567,0.7348906070077316
XGBoost,raw_pixel_micro,0.8,0.9,0.10343973757859921,0.8580345180564253,0.7394970901504337
XGBoost,raw_pixel_micro,0.9,1.0,0.5328185766728456,0.9482712728503082,0.9531828898619064
Logistic Regression,polygon_mean,0.0,0.1,0.0,,
Logistic Regression,polygon_mean,0.1,0.2,0.0,,
Logistic Regression,polygon_mean,0.2,0.3,0.0031446540880503146,0.2822071741593643,0.0
Logistic Regression,polygon_mean,0.3,0.4,0.03459119496855346,0.36419482118144625,0.2727272727272727
Logistic Regression,polygon_mean,0.4,0.5,0.050314465408805034,0.45790418366843316,0.5625
Logistic Regression,polygon_mean,0.5,0.6,0.09433962264150944,0.5478337443601045,0.5
Logistic Regression,polygon_mean,0.6,0.7,0.08176100628930817,0.6607683981115169,0.6538461538461539
Logistic Regression,polygon_mean,0.7,0.8,0.08176100628930817,0.762719380978879,0.9230769230769231
Logistic Regression,polygon_mean,0.8,0.9,0.1069182389937107,0.8501054930396492,0.8529411764705882
Logistic Regression,polygon_mean,0.9,1.0,0.5471698113207547,0.9674667646281172,0.9195402298850575
Logistic Regression,raw_pixel_polygon_weighted,0.0,0.1,0.0,,
Logistic Regression,raw_pixel_polygon_weighted,0.1,0.2,0.0001474859799028589,0.18503717463107291,0.3293372746714797
Logistic Regression,raw_pixel_polygon_weighted,0.2,0.3,0.008883686458878748,0.27485924637047204,0.20325200217618658
Logistic Regression,raw_pixel_polygon_weighted,0.3,0.4,0.03180776048629572,0.35763842636685733,0.417382849873821
Logistic Regression,raw_pixel_polygon_weighted,0.4,0.5,0.06455146569493894,0.45359989214382834,0.47290861070348866
Logistic Regression,raw_pixel_polygon_weighted,0.5,0.6,0.0734672911195741,0.5510937558060401,0.5510960369221853
Logistic Regression,raw_pixel_polygon_weighted,0.6,0.7,0.0799301981105129,0.6510473468642675,0.5910272320088796
Logistic Regression,raw_pixel_polygon_weighted,0.7,0.8,0.09439227842299325,0.7505902556730921,0.7305011892315811
Logistic Regression,raw_pixel_polygon_weighted,0.8,0.9,0.1296662402877143,0.8551663159880685,0.8276057780695225
Logistic Regression,raw_pixel_polygon_weighted,0.9,1.0,0.5171535934391893,0.9687351670640918,0.9140873468200652
Logistic Regression,raw_pixel_micro,0.0,0.1,0.0,,
Logistic Regression,raw_pixel_micro,0.1,0.2,9.313778940864319e-05,0.18457375321446395,0.5121951219512195
Logistic Regression,raw_pixel_micro,0.2,0.3,0.005292952422491186,0.2744771949019555,0.35150214592274676
Logistic Regression,raw_pixel_micro,0.3,0.4,0.0356422418493076,0.3589808688412965,0.39878903760356915
Logistic Regression,raw_pixel_micro,0.4,0.5,0.060400992258205215,0.4525208405001748,0.44300274549625784
Logistic Regression,raw_pixel_micro,0.5,0.6,0.06434231090757096,0.5493076337316484,0.5511580285270442
Logistic Regression,raw_pixel_micro,0.6,0.7,0.06065541743902882,0.6501196333966556,0.6289652072956069
Logistic Regression,raw_pixel_micro,0.7,0.8,0.06614146040053792,0.7511502866959372,0.6940857260612722
Logistic Regression,raw_pixel_micro,0.8,0.9,0.08019390833424199,0.8508434914426893,0.7438105489773951
Logistic Regression,raw_pixel_micro,0.9,1.0,0.6272375785992077,0.9815885764963673,0.9385038842511273
kNN (k=5),polygon_mean,0.0,0.1,0.0,,
kNN (k=5),polygon_mean,0.1,0.2,0.0,,
kNN (k=5),polygon_mean,0.2,0.3,0.009433962264150943,0.22833428316056345,0.3333333333333333
kNN (k=5),polygon_mean,0.3,0.4,0.0220125786163522,0.37503186510870773,0.14285714285714285
kNN (k=5),polygon_mean,0.4,0.5,0.1069182389937107,0.4421341800958794,0.6470588235294118
kNN (k=5),polygon_mean,0.5,0.6,0.11006289308176101,0.5624446515122683,0.5714285714285714
kNN (k=5),polygon_mean,0.6,0.7,0.11635220125786164,0.6353943101123368,0.6486486486486487
kNN (k=5),polygon_mean,0.7,0.8,0.04716981132075472,0.7702040545393205,0.8
kNN (k=5),polygon_mean,0.8,0.9,0.1918238993710692,0.8330646734446399,0.9016393442622951
kNN (k=5),polygon_mean,0.9,1.0,0.39622641509433965,0.9972586879201193,0.9603174603174603
kNN (k=5),raw_pixel_polygon_weighted,0.0,0.1,0.0,,
kNN (k=5),raw_pixel_polygon_weighted,0.1,0.2,0.0,,
kNN (k=5),raw_pixel_polygon_weighted,0.2,0.3,0.008765487018855662,0.22492100791496542,0.11379016677452235
kNN (k=5),raw_pixel_polygon_weighted,0.3,0.4,0.030002014049995876,0.3817073831220946,0.18695246865827816
kNN (k=5),raw_pixel_polygon_weighted,0.4,0.5,0.10546882071713644,0.4384217760453199,0.5272678263650467
kNN (k=5),raw_pixel_polygon_weighted,0.5,0.6,0.1063302562512857,0.5672735221126155,0.43089676960824247
kNN (k=5),raw_pixel_polygon_weighted,0.6,0.7,0.14412174695568006,0.6323310543687922,0.623331594009767
kNN (k=5),raw_pixel_polygon_weighted,0.7,0.8,0.0514904686812682,0.7777168396664372,0.7729538787385928
kNN (k=5),raw_pixel_polygon_weighted,0.8,0.9,0.16063071664036982,0.8271586356586337,0.8675796037113302
kNN (k=5),raw_pixel_polygon_weighted,0.9,1.0,0.3931904896854082,0.9984842988637989,0.962394843669411
kNN (k=5),raw_pixel_micro,0.0,0.1,0.0,,
kNN (k=5),raw_pixel_micro,0.1,0.2,0.0,,
kNN (k=5),raw_pixel_micro,0.2,0.3,0.0024056809508232473,0.2231772194728185,0.43909348441926344
kNN (k=5),raw_pixel_micro,0.3,0.4,0.029288427288917965,0.3832138991079439,0.15496781199100287
kNN (k=5),raw_pixel_micro,0.4,0.5,0.0747101370261331,0.431831615715784,0.7240634882023839
kNN (k=5),raw_pixel_micro,0.5,0.6,0.09996410787627667,0.5650044572487458,0.30064765367571866
kNN (k=5),raw_pixel_micro,0.6,0.7,0.12278968124159488,0.6302057224621379,0.7888183819584482
kNN (k=5),raw_pixel_micro,0.7,0.8,0.038000218078726423,0.7764190729655813,0.4515781922525108
kNN (k=5),raw_pixel_micro,0.8,0.9,0.3232608221567986,0.8400559809226815,0.9433598965580244
kNN (k=5),raw_pixel_micro,0.9,1.0,0.3095809253807291,0.9996751604185694,0.9782213090695626
