polygon_id,n_pixels,true_code,true_name,pred_code,pred_name,confidence,correct,top3_correct,raw_pixel_total,raw_pixel_correct,raw_pixel_accuracy,raw_pixel_mean_confidence
00000000000000000000_00000000000000000000,46,23,cashew,23,cashew,0.9927113652229309,True,True,46,46,1.0,0.9766843914985657
00000000000000000001_00000000000000000001,51,23,cashew,23,cashew,0.8091009259223938,True,True,51,51,1.0,0.7832178473472595
00000000000000000002_00000000000000000002,2,23,cashew,5,Shrub_Crop,0.46574515104293823,False,True,2,1,0.5,0.5692898035049438
00000000000000000003_00000000000000000003,54,23,cashew,23,cashew,0.8550811409950256,True,True,54,52,0.9629629629629629,0.7758098244667053
00000000000000000004_00000000000000000004,22,23,cashew,23,cashew,0.987064778804779,True,True,22,22,1.0,0.9806778430938721
00000000000000000005_00000000000000000005,21,23,cashew,23,cashew,0.9864380955696106,True,True,21,21,1.0,0.9753924608230591
00000000000000000006_00000000000000000006,20,23,cashew,23,cashew,0.9965957999229431,True,True,20,20,1.0,0.9956116676330566
00000000000000000007_00000000000000000007,64,23,cashew,23,cashew,0.9669870138168335,True,True,64,64,1.0,0.949647843837738
00000000000000000008_00000000000000000008,6,23,cashew,23,cashew,0.9267901182174683,True,True,6,6,1.0,0.9103190302848816
00000000000000000009_00000000000000000009,44,23,cashew,23,cashew,0.9948246479034424,True,True,44,44,1.0,0.986609697341919
0000000000000000000a_0000000000000000000a,21,23,cashew,23,cashew,0.9547017216682434,True,True,21,21,1.0,0.9454615712165833
0000000000000000000b_0000000000000000000b,60,23,cashew,23,cashew,0.9950622320175171,True,True,60,60,1.0,0.9852322936058044
0000000000000000000c_0000000000000000000c,30,23,cashew,5,Shrub_Crop,0.680618166923523,False,True,30,6,0.2,0.6689110994338989
0000000000000000000d_0000000000000000000d,15,23,cashew,23,cashew,0.9944678544998169,True,True,15,15,1.0,0.9878730773925781
0000000000000000000e_0000000000000000000e,14,23,cashew,23,cashew,0.9888181686401367,True,True,14,14,1.0,0.9844387173652649
0000000000000000000f_0000000000000000000f,15,23,cashew,23,cashew,0.9915865659713745,True,True,15,15,1.0,0.9882232546806335
00000000000000000010_00000000000000000010,12,23,cashew,23,cashew,0.9977065324783325,True,True,12,12,1.0,0.9971222877502441
00000000000000000011_00000000000000000011,43,23,cashew,23,cashew,0.9972070455551147,True,True,43,43,1.0,0.995363712310791
00000000000000000012_00000000000000000012,38,23,cashew,23,cashew,0.9113035202026367,True,True,38,38,1.0,0.8893299102783203
00000000000000000013_00000000000000000013,41,23,cashew,23,cashew,0.9915039539337158,True,True,41,41,1.0,0.9795970320701599
00000000000000000014_00000000000000000014,5,22,cocoa,22,cocoa,0.9803216457366943,True,True,5,5,1.0,0.9738103747367859
00000000000000000015_00000000000000000015,2,22,cocoa,14,Open_Forest,0.42718979716300964,False,True,2,0,0.0,0.4257270097732544
00000000000000000016_00000000000000000016,23,22,cocoa,22,cocoa,0.7504408955574036,True,True,23,22,0.9565217391304348,0.6856768131256104
00000000000000000017_00000000000000000017,12,22,cocoa,22,cocoa,0.9888048768043518,True,True,12,12,1.0,0.9846057295799255
00000000000000000018_00000000000000000018,11,22,cocoa,22,cocoa,0.9952499866485596,True,True,11,11,1.0,0.9923305511474609
00000000000000000019_00000000000000000019,4,22,cocoa,22,cocoa,0.986805260181427,True,True,4,4,1.0,0.9832712411880493
0000000000000000001a_0000000000000000001a,19,22,cocoa,22,cocoa,0.9722877740859985,True,True,19,19,1.0,0.9577937126159668
0000000000000000001b_0000000000000000001b,18,22,cocoa,22,cocoa,0.9948223829269409,True,True,18,18,1.0,0.9928538203239441
0000000000000000001c_0000000000000000001c,1,22,cocoa,22,cocoa,0.992831826210022,True,True,1,1,1.0,0.992831826210022
0000000000000000001d_0000000000000000001d,7,22,cocoa,22,cocoa,0.9891183376312256,True,True,7,7,1.0,0.9810388684272766
0000000000000000001e_0000000000000000001e,14,22,cocoa,22,cocoa,0.9744732975959778,True,True,14,14,1.0,0.9660483598709106
0000000000000000001f_0000000000000000001f,20,22,cocoa,22,cocoa,0.4496145248413086,True,True,20,19,0.95,0.4380832314491272
00000000000000000020_00000000000000000020,43,22,cocoa,22,cocoa,0.6998975276947021,True,True,43,42,0.9767441860465116,0.6317238211631775
00000000000000000021_00000000000000000021,3,22,cocoa,22,cocoa,0.9080339670181274,True,True,3,3,1.0,0.9020164012908936
00000000000000000022_00000000000000000022,10,22,cocoa,22,cocoa,0.36122527718544006,True,True,10,7,0.7,0.5023288130760193
00000000000000000023_00000000000000000023,9,22,cocoa,22,cocoa,0.9231363534927368,True,True,9,9,1.0,0.9084194898605347
00000000000000000024_00000000000000000024,4,22,cocoa,22,cocoa,0.8206804394721985,True,True,4,4,1.0,0.8083065152168274
00000000000000000025_00000000000000000025,77,22,cocoa,22,cocoa,0.6322395205497742,True,True,77,63,0.8181818181818182,0.536819577217102
00000000000000000026_00000000000000000026,14,22,cocoa,22,cocoa,0.9668896198272705,True,True,14,14,1.0,0.9486817121505737
00000000000000000027_00000000000000000027,6,22,cocoa,22,cocoa,0.9901987314224243,True,True,6,6,1.0,0.9865865707397461
00000000000000000028_00000000000000000028,48,22,cocoa,22,cocoa,0.9830849170684814,True,True,48,48,1.0,0.951391875743866
00000000000000000029_00000000000000000029,11,22,cocoa,22,cocoa,0.9620182514190674,True,True,11,11,1.0,0.9473817944526672
0000000000000000002a_0000000000000000002a,16,22,cocoa,22,cocoa,0.9240020513534546,True,True,16,16,1.0,0.8837771415710449
0000000000000000002b_0000000000000000002b,13,22,cocoa,22,cocoa,0.8510755896568298,True,True,13,12,0.9230769230769231,0.7890672087669373
0000000000000000002c_0000000000000000002c,23,22,cocoa,22,cocoa,0.6658045053482056,True,True,23,23,1.0,0.6268872022628784
0000000000000000002d_0000000000000000002d,6,22,cocoa,22,cocoa,0.9245201945304871,True,True,6,6,1.0,0.8771853446960449
0000000000000000002e_0000000000000000002e,2,22,cocoa,22,cocoa,0.9141011238098145,True,True,2,2,1.0,0.8999413251876831
0000000000000000002f_0000000000000000002f,75,22,cocoa,22,cocoa,0.9946458339691162,True,True,75,75,1.0,0.9740085601806641
00000000000000000030_00000000000000000030,7,22,cocoa,22,cocoa,0.9632049798965454,True,True,7,7,1.0,0.9541861414909363
00000000000000000031_00000000000000000031,53,22,cocoa,22,cocoa,0.9958531260490417,True,True,53,53,1.0,0.974055290222168
00000000000000000032_00000000000000000032,2,22,cocoa,22,cocoa,0.7179945111274719,True,True,2,2,1.0,0.7127289772033691
00000000000000000033_00000000000000000033,9,22,cocoa,22,cocoa,0.5623627305030823,True,True,9,4,0.4444444444444444,0.6325781941413879
00000000000000000034_00000000000000000034,3,22,cocoa,22,cocoa,0.9751065969467163,True,True,3,3,1.0,0.9664710164070129
00000000000000000035_00000000000000000035,10,22,cocoa,22,cocoa,0.9870011806488037,True,True,10,10,1.0,0.9818527102470398
00000000000000000036_00000000000000000036,4,22,cocoa,22,cocoa,0.9940863847732544,True,True,4,4,1.0,0.9916413426399231
00000000000000000037_00000000000000000037,51,22,cocoa,22,cocoa,0.7413024306297302,True,True,51,51,1.0,0.6675214767456055
00000000000000000038_00000000000000000038,12,22,cocoa,22,cocoa,0.9956138730049133,True,True,12,12,1.0,0.9907426834106445
00000000000000000039_00000000000000000039,45,22,cocoa,22,cocoa,0.8966127634048462,True,True,45,45,1.0,0.8794143795967102
0000000000000000003a_0000000000000000003a,1,22,cocoa,22,cocoa,0.8546934723854065,True,True,1,1,1.0,0.8546934723854065
0000000000000000003b_0000000000000000003b,7,22,cocoa,22,cocoa,0.977653443813324,True,True,7,7,1.0,0.9674695730209351
0000000000000000003c_0000000000000000003c,13,22,cocoa,22,cocoa,0.9007370471954346,True,True,13,13,1.0,0.8828613758087158
0000000000000000003d_0000000000000000003d,23,22,cocoa,16,Mango,0.3255433738231659,False,True,23,8,0.34782608695652173,0.3621929883956909
0000000000000000003e_0000000000000000003e,51,22,cocoa,22,cocoa,0.9774526357650757,True,True,51,51,1.0,0.9458415508270264
0000000000000000003f_0000000000000000003f,31,22,cocoa,22,cocoa,0.9843977689743042,True,True,31,31,1.0,0.9751169681549072
00000000000000000041_00000000000000000041,11,22,cocoa,22,cocoa,0.9764724969863892,True,True,11,11,1.0,0.963702917098999
00000000000000000042_00000000000000000042,4,22,cocoa,22,cocoa,0.9707022309303284,True,True,4,4,1.0,0.9552711248397827
00000000000000000043_00000000000000000043,4,22,cocoa,22,cocoa,0.9496377110481262,True,True,4,4,1.0,0.9423601031303406
00000000000000000044_00000000000000000044,23,22,cocoa,22,cocoa,0.9816257953643799,True,True,23,23,1.0,0.9650400280952454
00000000000000000045_00000000000000000045,90,22,cocoa,22,cocoa,0.8581188917160034,True,True,90,90,1.0,0.7737356424331665
00000000000000000046_00000000000000000046,698,21,ANN,21,ANN,0.8430233001708984,True,True,698,698,1.0,0.7905490398406982
00000000000000000047_00000000000000000047,153,21,ANN,21,ANN,0.6446536183357239,True,True,153,153,1.0,0.6257575750350952
00000000000000000048_00000000000000000048,1153,21,ANN,21,ANN,0.45844054222106934,True,True,1153,825,0.7155247181266262,0.43560558557510376
00000000000000000049_00000000000000000049,1061,21,ANN,21,ANN,0.7220056653022766,True,True,1061,1027,0.9679547596606974,0.6187531352043152
0000000000000000004a_0000000000000000004a,34,21,ANN,13,Open_Low_Shrubland,0.5159638524055481,False,False,34,0,0.0,0.47254517674446106
0000000000000000004b_0000000000000000004b,2658,21,ANN,21,ANN,0.6593345403671265,True,True,2658,2618,0.9849510910458992,0.6176900267601013
0000000000000000004c_0000000000000000004c,518,21,ANN,13,Open_Low_Shrubland,0.6622585654258728,False,True,518,0,0.0,0.6267828941345215
0000000000000000004d_0000000000000000004d,61,21,ANN,21,ANN,0.35506710410118103,True,True,61,44,0.7213114754098361,0.38296017050743103
0000000000000000004e_0000000000000000004e,2381,21,ANN,21,ANN,0.6625396609306335,True,True,2381,2372,0.996220075598488,0.6003258228302002
0000000000000000004f_0000000000000000004f,217,21,ANN,21,ANN,0.7517433166503906,True,True,217,215,0.9907834101382489,0.6899921894073486
00000000000000000050_00000000000000000050,152,21,ANN,21,ANN,0.7070452570915222,True,True,152,121,0.7960526315789473,0.578905463218689
00000000000000000051_00000000000000000051,23,21,ANN,5,Shrub_Crop,0.37844908237457275,False,True,23,0,0.0,0.4837745726108551
00000000000000000052_00000000000000000052,31,21,ANN,5,Shrub_Crop,0.3419788181781769,False,False,31,0,0.0,0.3394647538661957
00000000000000000053_00000000000000000053,1888,20,Bare_Rocks,20,Bare_Rocks,0.7209261655807495,True,True,1888,1740,0.9216101694915254,0.5488264560699463
00000000000000000054_00000000000000000054,797,20,Bare_Rocks,20,Bare_Rocks,0.42935097217559814,True,True,797,573,0.7189460476787954,0.4022231996059418
00000000000000000055_00000000000000000055,513,20,Bare_Rocks,20,Bare_Rocks,0.9169904589653015,True,True,513,512,0.9980506822612085,0.8172082901000977
00000000000000000056_00000000000000000056,149,20,Bare_Rocks,20,Bare_Rocks,0.8683725595474243,True,True,149,149,1.0,0.7734366059303284
00000000000000000057_00000000000000000057,85,20,Bare_Rocks,21,ANN,0.4044514298439026,False,False,85,0,0.0,0.3817041218280792
00000000000000000058_00000000000000000058,74,20,Bare_Rocks,20,Bare_Rocks,0.732990562915802,True,True,74,74,1.0,0.7136237025260925
00000000000000000059_00000000000000000059,170,19,Beach,19,Beach,0.9769296646118164,True,True,170,170,1.0,0.9581379890441895
0000000000000000005a_0000000000000000005a,180,19,Beach,19,Beach,0.9894590377807617,True,True,180,180,1.0,0.9641610980033875
0000000000000000005b_0000000000000000005b,117,19,Beach,19,Beach,0.9346252679824829,True,True,117,117,1.0,0.9091626405715942
0000000000000000005c_0000000000000000005c,392,19,Beach,19,Beach,0.9737090468406677,True,True,392,392,1.0,0.9450392723083496
0000000000000000005d_0000000000000000005d,11,19,Beach,19,Beach,0.7208380103111267,True,True,11,11,1.0,0.7148770689964294
0000000000000000005e_0000000000000000005e,78,18,built-up,15,Mining,0.364886075258255,False,True,78,24,0.3076923076923077,0.5102560520172119
0000000000000000005f_0000000000000000005f,116,18,built-up,18,built-up,0.9670222997665405,True,True,116,116,1.0,0.9492824673652649
00000000000000000060_00000000000000000060,209,18,built-up,18,built-up,0.920111358165741,True,True,209,209,1.0,0.8878154158592224
00000000000000000061_00000000000000000061,226,18,built-up,18,built-up,0.9454289078712463,True,True,226,222,0.9823008849557522,0.8262274861335754
00000000000000000062_00000000000000000062,727,18,built-up,18,built-up,0.996103823184967,True,True,727,727,1.0,0.9877493381500244
00000000000000000063_00000000000000000063,352,18,built-up,18,built-up,0.9975367188453674,True,True,352,352,1.0,0.9921888709068298
00000000000000000064_00000000000000000064,143,18,built-up,18,built-up,0.9891267418861389,True,True,143,143,1.0,0.9740679264068604
00000000000000000065_00000000000000000065,17,18,built-up,18,built-up,0.9835492968559265,True,True,17,17,1.0,0.9696584343910217
00000000000000000066_00000000000000000066,154,18,built-up,18,built-up,0.9254777431488037,True,True,154,154,1.0,0.8325889110565186
00000000000000000067_00000000000000000067,37,18,built-up,18,built-up,0.9847097396850586,True,True,37,37,1.0,0.963986873626709
00000000000000000068_00000000000000000068,281,18,built-up,18,built-up,0.9967775940895081,True,True,281,281,1.0,0.9796605110168457
00000000000000000069_00000000000000000069,889,18,built-up,18,built-up,0.9882598519325256,True,True,889,889,1.0,0.9570088386535645
0000000000000000006a_0000000000000000006a,84,18,built-up,18,built-up,0.9544461965560913,True,True,84,84,1.0,0.8745373487472534
0000000000000000006b_0000000000000000006b,114,18,built-up,18,built-up,0.9954919815063477,True,True,114,114,1.0,0.9541856646537781
0000000000000000006c_0000000000000000006c,158,18,built-up,18,built-up,0.886614203453064,True,True,158,158,1.0,0.8362779021263123
0000000000000000006d_0000000000000000006d,2206,17,Closed_Forest,17,Closed_Forest,0.8429405093193054,True,True,2206,2044,0.9265639165911151,0.7595089673995972
0000000000000000006e_0000000000000000006e,595,17,Closed_Forest,17,Closed_Forest,0.931753933429718,True,True,595,595,1.0,0.8375765085220337
0000000000000000006f_0000000000000000006f,184,17,Closed_Forest,17,Closed_Forest,0.8757554888725281,True,True,184,184,1.0,0.7998824715614319
00000000000000000070_00000000000000000070,2647,17,Closed_Forest,14,Open_Forest,0.5302855372428894,False,True,2647,1015,0.38345296562145825,0.5538370013237
00000000000000000071_00000000000000000071,1499,17,Closed_Forest,17,Closed_Forest,0.8864551782608032,True,True,1499,1459,0.9733155436957972,0.8093924522399902
00000000000000000072_00000000000000000072,380,17,Closed_Forest,14,Open_Forest,0.9302884936332703,False,True,380,0,0.0,0.8217061758041382
00000000000000000073_00000000000000000073,1016,17,Closed_Forest,17,Closed_Forest,0.8298465609550476,True,True,1016,947,0.9320866141732284,0.7499136328697205
00000000000000000074_00000000000000000074,113,17,Closed_Forest,14,Open_Forest,0.6707618832588196,False,True,113,31,0.2743362831858407,0.6467085480690002
00000000000000000075_00000000000000000075,98,16,Mango,16,Mango,0.36956608295440674,True,True,98,94,0.9591836734693877,0.34826987981796265
00000000000000000076_00000000000000000076,177,16,Mango,16,Mango,0.955463171005249,True,True,177,177,1.0,0.9171385765075684
00000000000000000077_00000000000000000077,159,16,Mango,16,Mango,0.7591922283172607,True,True,159,159,1.0,0.7080856561660767
00000000000000000078_00000000000000000078,234,16,Mango,16,Mango,0.6548380851745605,True,True,234,233,0.9957264957264957,0.5966861844062805
00000000000000000079_00000000000000000079,662,16,Mango,16,Mango,0.8274312019348145,True,True,662,662,1.0,0.7881497144699097
0000000000000000007a_0000000000000000007a,120,16,Mango,16,Mango,0.9083175659179688,True,True,120,120,1.0,0.8829329013824463
0000000000000000007b_0000000000000000007b,2166,16,Mango,16,Mango,0.7853972911834717,True,True,2166,2160,0.997229916897507,0.6463222503662109
0000000000000000007c_0000000000000000007c,1247,16,Mango,21,ANN,0.6770586371421814,False,False,1247,16,0.012830793905372895,0.6030439138412476
0000000000000000007d_0000000000000000007d,82,16,Mango,16,Mango,0.7536107301712036,True,True,82,82,1.0,0.6769303679466248
0000000000000000007e_0000000000000000007e,36,16,Mango,16,Mango,0.28762370347976685,True,True,36,17,0.4722222222222222,0.3159714341163635
0000000000000000007f_0000000000000000007f,43,16,Mango,5,Shrub_Crop,0.34909144043922424,False,False,43,0,0.0,0.3846312165260315
00000000000000000080_00000000000000000080,830,15,Mining,15,Mining,0.8328977227210999,True,True,830,819,0.9867469879518073,0.7314695119857788
00000000000000000081_00000000000000000081,672,15,Mining,15,Mining,0.8868095278739929,True,True,672,672,1.0,0.7998199462890625
00000000000000000082_00000000000000000082,9505,15,Mining,15,Mining,0.9785265922546387,True,True,9505,8961,0.9427669647553919,0.8154680132865906
00000000000000000083_00000000000000000083,1627,15,Mining,15,Mining,0.5948882102966309,True,True,1627,1125,0.6914566687154272,0.4643280804157257
00000000000000000084_00000000000000000084,10603,15,Mining,15,Mining,0.9686471819877625,True,True,10603,9702,0.9150240497972272,0.7364886999130249
00000000000000000085_00000000000000000085,301,14,Open_Forest,14,Open_Forest,0.8321244120597839,True,True,301,289,0.9601328903654485,0.720359742641449
00000000000000000086_00000000000000000086,163,14,Open_Forest,17,Closed_Forest,0.9597882628440857,False,True,163,1,0.006134969325153374,0.8792592883110046
00000000000000000087_00000000000000000087,284,14,Open_Forest,14,Open_Forest,0.9015529155731201,True,True,284,283,0.9964788732394366,0.7927759885787964
00000000000000000088_00000000000000000088,649,14,Open_Forest,14,Open_Forest,0.8058473467826843,True,True,649,586,0.9029275808936826,0.595792293548584
00000000000000000089_00000000000000000089,372,14,Open_Forest,14,Open_Forest,0.8592429757118225,True,True,372,334,0.8978494623655914,0.613492488861084
0000000000000000008a_0000000000000000008a,190,14,Open_Forest,14,Open_Forest,0.6362417936325073,True,True,190,133,0.7,0.5703689455986023
0000000000000000008b_0000000000000000008b,148,14,Open_Forest,14,Open_Forest,0.7562885880470276,True,True,148,148,1.0,0.6695806980133057
0000000000000000008c_0000000000000000008c,193,14,Open_Forest,14,Open_Forest,0.9005200266838074,True,True,193,191,0.9896373056994818,0.7443363666534424
0000000000000000008d_0000000000000000008d,69,14,Open_Forest,17,Closed_Forest,0.6205185651779175,False,True,69,13,0.18840579710144928,0.585763156414032
0000000000000000008e_0000000000000000008e,598,14,Open_Forest,14,Open_Forest,0.47858238220214844,True,True,598,298,0.4983277591973244,0.47979506850242615
0000000000000000008f_0000000000000000008f,215,14,Open_Forest,14,Open_Forest,0.4779883623123169,True,True,215,141,0.6558139534883721,0.4731561243534088
00000000000000000090_00000000000000000090,40,14,Open_Forest,14,Open_Forest,0.4635757803916931,True,True,40,40,1.0,0.449795663356781
00000000000000000091_00000000000000000091,269,14,Open_Forest,14,Open_Forest,0.7139196395874023,True,True,269,269,1.0,0.6180997490882874
00000000000000000092_00000000000000000092,913,14,Open_Forest,14,Open_Forest,0.5450888872146606,True,True,913,793,0.8685651697699891,0.49396252632141113
00000000000000000093_00000000000000000093,376,14,Open_Forest,14,Open_Forest,0.7235823273658752,True,True,376,376,1.0,0.6852895617485046
00000000000000000094_00000000000000000094,148,14,Open_Forest,22,cocoa,0.48369696736335754,False,True,148,0,0.0,0.49994751811027527
00000000000000000095_00000000000000000095,166,14,Open_Forest,22,cocoa,0.8229060769081116,False,True,166,0,0.0,0.7423807382583618
00000000000000000096_00000000000000000096,2468,13,Open_Low_Shrubland,13,Open_Low_Shrubland,0.9365057945251465,True,True,2468,2468,1.0,0.877907931804657
00000000000000000097_00000000000000000097,283,13,Open_Low_Shrubland,13,Open_Low_Shrubland,0.919215202331543,True,True,283,283,1.0,0.8592063784599304
00000000000000000098_00000000000000000098,201,13,Open_Low_Shrubland,13,Open_Low_Shrubland,0.9038066864013672,True,True,201,201,1.0,0.8320371508598328
00000000000000000099_00000000000000000099,20,13,Open_Low_Shrubland,14,Open_Forest,0.68743896484375,False,False,20,0,0.0,0.640114426612854
0000000000000000009a_0000000000000000009a,83,13,Open_Low_Shrubland,13,Open_Low_Shrubland,0.7234614491462708,True,True,83,80,0.963855421686747,0.6575803756713867
0000000000000000009b_0000000000000000009b,2747,13,Open_Low_Shrubland,12,Open_Savannah,0.557472825050354,False,True,2747,1103,0.40152894066254097,0.5428017377853394
0000000000000000009c_0000000000000000009c,232,13,Open_Low_Shrubland,9,Rice,0.5885077118873596,False,True,232,0,0.0,0.5603777170181274
0000000000000000009d_0000000000000000009d,316,13,Open_Low_Shrubland,9,Rice,0.6750255227088928,False,True,316,58,0.18354430379746836,0.6529037952423096
0000000000000000009e_0000000000000000009e,120,13,Open_Low_Shrubland,13,Open_Low_Shrubland,0.65043705701828,True,True,120,95,0.7916666666666666,0.5242265462875366
0000000000000000009f_0000000000000000009f,2388,13,Open_Low_Shrubland,1,wetland,0.2717086672782898,False,True,2388,592,0.24790619765494137,0.2964990735054016
000000000000000000a0_000000000000000000a0,466,13,Open_Low_Shrubland,21,ANN,0.5042824745178223,False,True,466,6,0.012875536480686695,0.47115880250930786
000000000000000000a1_000000000000000000a1,1020,13,Open_Low_Shrubland,13,Open_Low_Shrubland,0.7172091603279114,True,True,1020,1020,1.0,0.6253900527954102
000000000000000000a2_000000000000000000a2,59,13,Open_Low_Shrubland,9,Rice,0.17213520407676697,False,True,59,4,0.06779661016949153,0.21556051075458527
000000000000000000a3_000000000000000000a3,176,13,Open_Low_Shrubland,16,Mango,0.4037671387195587,False,False,176,19,0.10795454545454546,0.38942259550094604
000000000000000000a4_000000000000000000a4,595,12,Open_Savannah,3,Woodland_Savanna,0.5184667110443115,False,True,595,1,0.0016806722689075631,0.48426011204719543
000000000000000000a5_000000000000000000a5,2900,12,Open_Savannah,12,Open_Savannah,0.8899621367454529,True,True,2900,2895,0.9982758620689656,0.8110480308532715
000000000000000000a6_000000000000000000a6,11507,12,Open_Savannah,13,Open_Low_Shrubland,0.38043326139450073,False,True,11507,3987,0.3464847484140089,0.48386767506599426
000000000000000000a7_000000000000000000a7,1380,12,Open_Savannah,12,Open_Savannah,0.7984278798103333,True,True,1380,1374,0.9956521739130435,0.6884323954582214
000000000000000000a8_000000000000000000a8,339,12,Open_Savannah,12,Open_Savannah,0.533943772315979,True,True,339,238,0.7020648967551623,0.5645783543586731
000000000000000000a9_000000000000000000a9,1396,12,Open_Savannah,12,Open_Savannah,0.8472148776054382,True,True,1396,1380,0.9885386819484241,0.7627230286598206
000000000000000000aa_000000000000000000aa,2733,12,Open_Savannah,12,Open_Savannah,0.9528820514678955,True,True,2733,2733,1.0,0.9016784429550171
000000000000000000ab_000000000000000000ab,716,11,P_flood,11,P_flood,0.9573922753334045,True,True,716,714,0.9972067039106145,0.919344425201416
000000000000000000ac_000000000000000000ac,289,11,P_flood,11,P_flood,0.8302923440933228,True,True,289,289,1.0,0.8112006187438965
000000000000000000ad_000000000000000000ad,4404,11,P_flood,11,P_flood,0.9197958707809448,True,True,4404,4404,1.0,0.8989986777305603
000000000000000000ae_000000000000000000ae,96,10,Palm,10,Palm,0.5606145858764648,True,True,96,89,0.9270833333333334,0.5406796932220459
000000000000000000af_000000000000000000af,611,10,Palm,10,Palm,0.9957225322723389,True,True,611,611,1.0,0.9936380386352539
000000000000000000b0_000000000000000000b0,768,10,Palm,10,Palm,0.9925764203071594,True,True,768,768,1.0,0.9871489405632019
000000000000000000b1_000000000000000000b1,1537,10,Palm,10,Palm,0.9060816764831543,True,True,1537,1537,1.0,0.8418866395950317
000000000000000000b2_000000000000000000b2,123,10,Palm,10,Palm,0.5986517667770386,True,True,123,81,0.6585365853658537,0.755310595035553
000000000000000000b3_000000000000000000b3,291,10,Palm,10,Palm,0.9744396209716797,True,True,291,291,1.0,0.966773271560669
000000000000000000b4_000000000000000000b4,440,10,Palm,10,Palm,0.9685420989990234,True,True,440,440,1.0,0.9526214003562927
000000000000000000b5_000000000000000000b5,1020,10,Palm,10,Palm,0.9758419990539551,True,True,1020,1020,1.0,0.9482752680778503
000000000000000000b6_000000000000000000b6,204,10,Palm,10,Palm,0.9116769433021545,True,True,204,204,1.0,0.8360863327980042
000000000000000000b7_000000000000000000b7,508,10,Palm,10,Palm,0.9828133583068848,True,True,508,508,1.0,0.9580753445625305
000000000000000000b8_000000000000000000b8,234,10,Palm,10,Palm,0.86809903383255,True,True,234,232,0.9914529914529915,0.8049747943878174
000000000000000000b9_000000000000000000b9,749,10,Palm,10,Palm,0.8245731592178345,True,True,749,749,1.0,0.745721697807312
000000000000000000ba_000000000000000000ba,434,9,Rice,21,ANN,0.8067116737365723,False,True,434,0,0.0,0.6706900000572205
000000000000000000bb_000000000000000000bb,23516,9,Rice,9,Rice,0.523288905620575,True,True,23516,20623,0.8769773771049498,0.45964735746383667
000000000000000000bc_000000000000000000bc,39,9,Rice,13,Open_Low_Shrubland,0.7772446870803833,False,True,39,0,0.0,0.7174226641654968
000000000000000000bd_000000000000000000bd,34,9,Rice,13,Open_Low_Shrubland,0.9294075965881348,False,True,34,0,0.0,0.9127707481384277
000000000000000000be_000000000000000000be,311,9,Rice,9,Rice,0.8862221240997314,True,True,311,311,1.0,0.8228946924209595
000000000000000000bf_000000000000000000bf,176,9,Rice,9,Rice,0.8486167788505554,True,True,176,173,0.9829545454545454,0.7474649548530579
000000000000000000c0_000000000000000000c0,24,9,Rice,22,cocoa,0.7006357908248901,False,True,24,0,0.0,0.6049537658691406
000000000000000000c1_000000000000000000c1,8,9,Rice,22,cocoa,0.8488664031028748,False,True,8,0,0.0,0.7574648261070251
000000000000000000c2_000000000000000000c2,254,9,Rice,21,ANN,0.5843135118484497,False,True,254,34,0.13385826771653545,0.5615454316139221
000000000000000000c3_000000000000000000c3,291,8,Rubber,8,Rubber,0.952379584312439,True,True,291,291,1.0,0.8956311345100403
000000000000000000c4_000000000000000000c4,230,8,Rubber,8,Rubber,0.8706427216529846,True,True,230,228,0.991304347826087,0.749814510345459
000000000000000000c5_000000000000000000c5,338,8,Rubber,8,Rubber,0.9779436588287354,True,True,338,338,1.0,0.9561769366264343
000000000000000000c6_000000000000000000c6,1220,8,Rubber,8,Rubber,0.9739844799041748,True,True,1220,1220,1.0,0.8984566926956177
000000000000000000c7_000000000000000000c7,1433,8,Rubber,8,Rubber,0.7232679128646851,True,True,1433,1228,0.8569434752267969,0.666425883769989
000000000000000000c8_000000000000000000c8,2010,8,Rubber,8,Rubber,0.9698610305786133,True,True,2010,2010,1.0,0.9223966002464294
000000000000000000c9_000000000000000000c9,303,8,Rubber,8,Rubber,0.9358376264572144,True,True,303,301,0.9933993399339934,0.8467610478401184
000000000000000000ca_000000000000000000ca,871,7,S_Flood,7,S_Flood,0.8754473924636841,True,True,871,782,0.8978185993111366,0.7760608196258545
000000000000000000cb_000000000000000000cb,2827,7,S_Flood,7,S_Flood,0.9176713228225708,True,True,2827,2777,0.9823134064379201,0.8394926190376282
000000000000000000cc_000000000000000000cc,368,7,S_Flood,7,S_Flood,0.7385882139205933,True,True,368,321,0.8722826086956522,0.6372066736221313
000000000000000000cd_000000000000000000cd,417,7,S_Flood,16,Mango,0.5631898045539856,False,True,417,45,0.1079136690647482,0.41915687918663025
000000000000000000ce_000000000000000000ce,2704,7,S_Flood,7,S_Flood,0.4305647015571594,True,True,2704,1233,0.45599112426035504,0.4530942440032959
000000000000000000cf_000000000000000000cf,797,6,Salt,6,Salt,0.6005880832672119,True,True,797,539,0.6762860727728983,0.5873602032661438
000000000000000000d0_000000000000000000d0,1102,6,Salt,6,Salt,0.5512531399726868,True,True,1102,948,0.8602540834845736,0.5266279578208923
000000000000000000d1_000000000000000000d1,16244,6,Salt,4,Water,0.7294541597366333,False,True,16244,3826,0.23553311992120168,0.7014642357826233
000000000000000000d2_000000000000000000d2,73,5,Shrub_Crop,5,Shrub_Crop,0.8245557546615601,True,True,73,73,1.0,0.7764217257499695
000000000000000000d3_000000000000000000d3,16,5,Shrub_Crop,5,Shrub_Crop,0.8057441711425781,True,True,16,16,1.0,0.7617852687835693
000000000000000000d4_000000000000000000d4,1894,5,Shrub_Crop,1,wetland,0.4163430631160736,False,True,1894,0,0.0,0.395511656999588
000000000000000000d5_000000000000000000d5,29,5,Shrub_Crop,16,Mango,0.6556118726730347,False,True,29,0,0.0,0.5807923674583435
000000000000000000d6_000000000000000000d6,53,5,Shrub_Crop,5,Shrub_Crop,0.8288288116455078,True,True,53,53,1.0,0.7142032980918884
000000000000000000d7_000000000000000000d7,48,5,Shrub_Crop,21,ANN,0.8186823129653931,False,True,48,0,0.0,0.7204911112785339
000000000000000000d8_000000000000000000d8,16,5,Shrub_Crop,23,cashew,0.4592629075050354,False,True,16,3,0.1875,0.4973101317882538
000000000000000000d9_000000000000000000d9,43,5,Shrub_Crop,5,Shrub_Crop,0.8918673992156982,True,True,43,41,0.9534883720930233,0.7671540975570679
000000000000000000da_000000000000000000da,18,5,Shrub_Crop,5,Shrub_Crop,0.5894067287445068,True,True,18,18,1.0,0.549424409866333
000000000000000000db_000000000000000000db,158,5,Shrub_Crop,16,Mango,0.456900417804718,False,True,158,70,0.4430379746835443,0.4501726031303406
000000000000000000dc_000000000000000000dc,313,5,Shrub_Crop,5,Shrub_Crop,0.3322458863258362,True,True,313,128,0.40894568690095845,0.35796964168548584
000000000000000000dd_000000000000000000dd,159,5,Shrub_Crop,5,Shrub_Crop,0.4693112373352051,True,True,159,85,0.5345911949685535,0.44742995500564575
000000000000000000de_000000000000000000de,62,5,Shrub_Crop,2,mangrove20,0.5588802695274353,False,False,62,0,0.0,0.55331951379776
000000000000000000df_000000000000000000df,43,5,Shrub_Crop,5,Shrub_Crop,0.43865862488746643,True,True,43,43,1.0,0.42142224311828613
000000000000000000e0_000000000000000000e0,10,5,Shrub_Crop,22,cocoa,0.9928320646286011,False,True,10,0,0.0,0.989883303642273
000000000000000000e1_000000000000000000e1,92449,4,Water,4,Water,0.9479528665542603,True,True,92449,92449,1.0,0.9443260431289673
000000000000000000e2_000000000000000000e2,49486,4,Water,4,Water,0.9457864761352539,True,True,49486,49486,1.0,0.9449050426483154
000000000000000000e3_000000000000000000e3,1551,4,Water,4,Water,0.932367742061615,True,True,1551,1551,1.0,0.931699812412262
000000000000000000e4_000000000000000000e4,8,4,Water,4,Water,0.5631945133209229,True,True,8,8,1.0,0.5435294508934021
000000000000000000e5_000000000000000000e5,406,4,Water,4,Water,0.8406981825828552,True,True,406,406,1.0,0.8326011896133423
000000000000000000e6_000000000000000000e6,456,4,Water,4,Water,0.9070320725440979,True,True,456,456,1.0,0.903687059879303
000000000000000000e7_000000000000000000e7,469,4,Water,4,Water,0.9410994052886963,True,True,469,469,1.0,0.9389419555664062
000000000000000000e8_000000000000000000e8,1032,4,Water,6,Salt,0.9177295565605164,False,True,1032,0,0.0,0.9167425036430359
000000000000000000e9_000000000000000000e9,1981,4,Water,4,Water,0.786687970161438,True,True,1981,1957,0.9878849066128218,0.7720562219619751
000000000000000000ea_000000000000000000ea,413,3,Woodland_Savanna,7,S_Flood,0.5260185599327087,False,True,413,173,0.4188861985472155,0.6075695753097534
000000000000000000eb_000000000000000000eb,4527,3,Woodland_Savanna,3,Woodland_Savanna,0.7288089394569397,True,True,4527,4508,0.9958029600176718,0.6868353486061096
000000000000000000ec_000000000000000000ec,536,3,Woodland_Savanna,3,Woodland_Savanna,0.8293407559394836,True,True,536,536,1.0,0.7959914803504944
000000000000000000ed_000000000000000000ed,1163,3,Woodland_Savanna,3,Woodland_Savanna,0.86480712890625,True,True,1163,1163,1.0,0.8244304060935974
000000000000000000ee_000000000000000000ee,433,3,Woodland_Savanna,3,Woodland_Savanna,0.978325605392456,True,True,433,433,1.0,0.9499632716178894
000000000000000000ef_000000000000000000ef,1140,3,Woodland_Savanna,3,Woodland_Savanna,0.980675220489502,True,True,1140,1140,1.0,0.955273449420929
000000000000000000f0_000000000000000000f0,2045,3,Woodland_Savanna,3,Woodland_Savanna,0.7568371295928955,True,True,2045,1911,0.9344743276283619,0.6901203393936157
000000000000000000f1_000000000000000000f1,1032,2,mangrove20,2,mangrove20,0.9968832731246948,True,True,1032,1032,1.0,0.9863373637199402
000000000000000000f2_000000000000000000f2,385,2,mangrove20,2,mangrove20,0.9978638291358948,True,True,385,377,0.9792207792207792,0.935081422328949
000000000000000000f3_000000000000000000f3,948,2,mangrove20,2,mangrove20,0.525367021560669,True,True,948,569,0.6002109704641351,0.6513112187385559
000000000000000000f4_000000000000000000f4,144,2,mangrove20,1,wetland,0.917759895324707,False,True,144,13,0.09027777777777778,0.8536529541015625
000000000000000000f5_000000000000000000f5,685,2,mangrove20,2,mangrove20,0.9931591749191284,True,True,685,685,1.0,0.9697906970977783
000000000000000000f6_000000000000000000f6,2172,2,mangrove20,2,mangrove20,0.9140819907188416,True,True,2172,2170,0.9990791896869244,0.8329148292541504
000000000000000000f7_000000000000000000f7,603,2,mangrove20,2,mangrove20,0.9983434677124023,True,True,603,603,1.0,0.9732024073600769
000000000000000000f8_000000000000000000f8,606,2,mangrove20,2,mangrove20,0.9946659207344055,True,True,606,606,1.0,0.9853231310844421
000000000000000000f9_000000000000000000f9,327,2,mangrove20,2,mangrove20,0.9850188493728638,True,True,327,327,1.0,0.9777973890304565
000000000000000000fa_000000000000000000fa,196,2,mangrove20,2,mangrove20,0.9280617237091064,True,True,196,196,1.0,0.8964748978614807
000000000000000000fb_000000000000000000fb,264,2,mangrove20,1,wetland,0.5036678910255432,False,True,264,32,0.12121212121212122,0.45866578817367554
000000000000000000fc_000000000000000000fc,103,2,mangrove20,2,mangrove20,0.9434119462966919,True,True,103,103,1.0,0.8137981295585632
000000000000000000fd_000000000000000000fd,1129,2,mangrove20,2,mangrove20,0.8342601656913757,True,True,1129,987,0.8742249778565102,0.7127402424812317
000000000000000000fe_000000000000000000fe,541,2,mangrove20,2,mangrove20,0.975610077381134,True,True,541,541,1.0,0.9467111229896545
000000000000000000ff_000000000000000000ff,832,2,mangrove20,2,mangrove20,0.9947741627693176,True,True,832,832,1.0,0.978702187538147
00000000000000000100_00000000000000000100,180,2,mangrove20,2,mangrove20,0.9658653140068054,True,True,180,180,1.0,0.9421511888504028
00000000000000000101_00000000000000000101,302,2,mangrove20,2,mangrove20,0.9944871068000793,True,True,302,302,1.0,0.9871269464492798
00000000000000000102_00000000000000000102,433,2,mangrove20,2,mangrove20,0.9959549307823181,True,True,433,433,1.0,0.9901171922683716
00000000000000000103_00000000000000000103,1076,2,mangrove20,2,mangrove20,0.998178243637085,True,True,1076,1076,1.0,0.9832335710525513
00000000000000000104_00000000000000000104,736,2,mangrove20,2,mangrove20,0.9852800965309143,True,True,736,736,1.0,0.9459084272384644
00000000000000000105_00000000000000000105,495,2,mangrove20,2,mangrove20,0.9698456525802612,True,True,495,495,1.0,0.937039315700531
00000000000000000106_00000000000000000106,824,2,mangrove20,2,mangrove20,0.9905553460121155,True,True,824,824,1.0,0.9469859004020691
00000000000000000107_00000000000000000107,610,2,mangrove20,2,mangrove20,0.8752638101577759,True,True,610,597,0.978688524590164,0.8178855180740356
00000000000000000108_00000000000000000108,589,2,mangrove20,2,mangrove20,0.8361915946006775,True,True,589,581,0.9864176570458404,0.7846856713294983
00000000000000000109_00000000000000000109,156,2,mangrove20,2,mangrove20,0.8503215312957764,True,True,156,143,0.9166666666666666,0.7543177008628845
0000000000000000010a_0000000000000000010a,558,2,mangrove20,2,mangrove20,0.9982697367668152,True,True,558,558,1.0,0.9892719388008118
0000000000000000010b_0000000000000000010b,1574,2,mangrove20,2,mangrove20,0.9904493689537048,True,True,1574,1568,0.9961880559085133,0.938238799571991
0000000000000000010c_0000000000000000010c,1103,2,mangrove20,2,mangrove20,0.8180170059204102,True,True,1103,723,0.6554850407978241,0.6358692646026611
0000000000000000010d_0000000000000000010d,155,2,mangrove20,1,wetland,0.31531986594200134,False,True,155,84,0.5419354838709678,0.37311962246894836
0000000000000000010e_0000000000000000010e,58,2,mangrove20,1,wetland,0.931431770324707,False,True,58,0,0.0,0.888394296169281
0000000000000000010f_0000000000000000010f,90,2,mangrove20,2,mangrove20,0.9550137519836426,True,True,90,90,1.0,0.9250292181968689
00000000000000000110_00000000000000000110,288,2,mangrove20,2,mangrove20,0.993790328502655,True,True,288,288,1.0,0.9649734497070312
00000000000000000111_00000000000000000111,126,2,mangrove20,2,mangrove20,0.9329277873039246,True,True,126,126,1.0,0.8803280591964722
00000000000000000112_00000000000000000112,803,2,mangrove20,2,mangrove20,0.9568775296211243,True,True,803,803,1.0,0.9331693053245544
00000000000000000113_00000000000000000113,994,2,mangrove20,2,mangrove20,0.9962814450263977,True,True,994,994,1.0,0.9673723578453064
00000000000000000114_00000000000000000114,331,2,mangrove20,2,mangrove20,0.9928104281425476,True,True,331,330,0.9969788519637462,0.9633067846298218
00000000000000000115_00000000000000000115,335,2,mangrove20,2,mangrove20,0.9984333515167236,True,True,335,335,1.0,0.9605377912521362
00000000000000000116_00000000000000000116,2634,2,mangrove20,2,mangrove20,0.9983563423156738,True,True,2634,2634,1.0,0.9704483151435852
00000000000000000117_00000000000000000117,366,2,mangrove20,2,mangrove20,0.9285622835159302,True,True,366,365,0.9972677595628415,0.8642964363098145
00000000000000000118_00000000000000000118,487,2,mangrove20,2,mangrove20,0.9912316203117371,True,True,487,487,1.0,0.9653017520904541
00000000000000000119_00000000000000000119,354,2,mangrove20,2,mangrove20,0.896618664264679,True,True,354,354,1.0,0.8242054581642151
0000000000000000011a_0000000000000000011a,1002,2,mangrove20,2,mangrove20,0.993402898311615,True,True,1002,1002,1.0,0.97080397605896
0000000000000000011b_0000000000000000011b,247,2,mangrove20,2,mangrove20,0.9870102405548096,True,True,247,247,1.0,0.959642767906189
0000000000000000011c_0000000000000000011c,263,2,mangrove20,2,mangrove20,0.9910123348236084,True,True,263,263,1.0,0.9766980409622192
0000000000000000011d_0000000000000000011d,368,2,mangrove20,2,mangrove20,0.9974378943443298,True,True,368,368,1.0,0.9851169586181641
0000000000000000011e_0000000000000000011e,657,2,mangrove20,2,mangrove20,0.9961209297180176,True,True,657,657,1.0,0.9860717058181763
0000000000000000011f_0000000000000000011f,2549,2,mangrove20,2,mangrove20,0.8097591996192932,True,True,2549,2261,0.8870145154962731,0.7384084463119507
00000000000000000120_00000000000000000120,556,2,mangrove20,2,mangrove20,0.6456593871116638,True,True,556,556,1.0,0.6109493374824524
00000000000000000121_00000000000000000121,4421,2,mangrove20,2,mangrove20,0.9786247611045837,True,True,4421,4421,1.0,0.9404327869415283
00000000000000000122_00000000000000000122,1246,1,wetland,1,wetland,0.9571859836578369,True,True,1246,1246,1.0,0.9390735626220703
00000000000000000123_00000000000000000123,4641,1,wetland,1,wetland,0.9685109257698059,True,True,4641,4641,1.0,0.9410560131072998
00000000000000000124_00000000000000000124,2355,1,wetland,1,wetland,0.8447505235671997,True,True,2355,2278,0.9673036093418259,0.7086452841758728
00000000000000000125_00000000000000000125,1293,1,wetland,1,wetland,0.9891951680183411,True,True,1293,1293,1.0,0.9756396412849426
00000000000000000126_00000000000000000126,225,1,wetland,1,wetland,0.9678698778152466,True,True,225,225,1.0,0.9476519227027893
00000000000000000127_00000000000000000127,4851,1,wetland,1,wetland,0.9918162822723389,True,True,4851,4851,1.0,0.9657053351402283
00000000000000000128_00000000000000000128,2490,1,wetland,1,wetland,0.9910125732421875,True,True,2490,2490,1.0,0.9798793792724609
00000000000000000129_00000000000000000129,349,1,wetland,1,wetland,0.9076603651046753,True,True,349,349,1.0,0.8773114681243896
0000000000000000012a_0000000000000000012a,750,1,wetland,1,wetland,0.9798109531402588,True,True,750,750,1.0,0.9432956576347351
0000000000000000012b_0000000000000000012b,1123,1,wetland,1,wetland,0.987006425857544,True,True,1123,1122,0.9991095280498664,0.9232434034347534
0000000000000000012c_0000000000000000012c,335,1,wetland,1,wetland,0.6769912242889404,True,True,335,251,0.7492537313432835,0.6781703233718872
0000000000000000012d_0000000000000000012d,12769,1,wetland,1,wetland,0.951021671295166,True,True,12769,11236,0.8799436134387971,0.6313427090644836
0000000000000000012e_0000000000000000012e,3788,1,wetland,1,wetland,0.9900052547454834,True,True,3788,3171,0.837117212249208,0.8692246675491333
0000000000000000012f_0000000000000000012f,3619,1,wetland,2,mangrove20,0.9787855744361877,False,True,3619,197,0.054434926775352305,0.852620542049408
00000000000000000130_00000000000000000130,6321,1,wetland,1,wetland,0.9930100440979004,True,True,6321,6312,0.9985761746559089,0.9338304400444031
00000000000000000131_00000000000000000131,84,1,wetland,1,wetland,0.9856218099594116,True,True,84,84,1.0,0.9788399934768677
00000000000000000132_00000000000000000132,677,1,wetland,1,wetland,0.9561600685119629,True,True,677,677,1.0,0.9186346530914307
00000000000000000133_00000000000000000133,1180,1,wetland,1,wetland,0.7949535846710205,True,True,1180,934,0.7915254237288135,0.7671712040901184
00000000000000000134_00000000000000000134,845,1,wetland,1,wetland,0.5218579173088074,True,True,845,763,0.9029585798816568,0.4882659316062927
00000000000000000135_00000000000000000135,400,1,wetland,1,wetland,0.5698713660240173,True,True,400,377,0.9425,0.5289016962051392
00000000000000000136_00000000000000000136,13392,1,wetland,1,wetland,0.9905201196670532,True,True,13392,13392,1.0,0.9671180248260498
00000000000000000137_00000000000000000137,1510,1,wetland,2,mangrove20,0.9540760517120361,False,True,1510,0,0.0,0.8997312784194946
00000000000000000138_00000000000000000138,1715,1,wetland,1,wetland,0.8557463884353638,True,True,1715,1667,0.9720116618075801,0.8023263216018677
00000000000000000139_00000000000000000139,925,1,wetland,1,wetland,0.9854061603546143,True,True,925,925,1.0,0.9553468227386475
0000000000000000013a_0000000000000000013a,429,1,wetland,1,wetland,0.8350229263305664,True,True,429,391,0.9114219114219114,0.7355768084526062
0000000000000000013b_0000000000000000013b,439,1,wetland,2,mangrove20,0.855613112449646,False,True,439,0,0.0,0.784659743309021
0000000000000000013c_0000000000000000013c,5559,1,wetland,1,wetland,0.9857162237167358,True,True,5559,5306,0.9544882173052708,0.7998301386833191
0000000000000000013d_0000000000000000013d,8060,1,wetland,1,wetland,0.9282702803611755,True,True,8060,5682,0.7049627791563275,0.6430174112319946
0000000000000000013e_0000000000000000013e,2086,1,wetland,1,wetland,0.8113542795181274,True,True,2086,2059,0.9870565675934804,0.6239957213401794
