code,name,final_class,raw_pixel_count,independent_polygons,loo_correct,loo_total,loo_accuracy,loo_accuracy_ci95_low,loo_accuracy_ci95_high,raw_pixel_loo_accuracy,raw_pixel_loo_total,caution_small_n
6,Salt,Mining,18143,3,2,3,0.6666666666666666,0.20765495512648788,0.9385096847238393,0.2928402138565838,18143,True
11,P_flood,Permanently Flooded Woody,5409,3,3,3,1.0,0.4384939195509822,1.0,0.9996302458864855,5409,True
15,Mining,Mining,23237,5,5,5,1.0,0.565508505247919,1.0000000000000002,0.915737831906012,23237,True
7,S_Flood,Seasonally Flooded Woody,7187,5,4,5,0.8,0.37552826411853885,0.9637768390302125,0.7176847085014609,7187,True
19,Beach,Beaches,870,5,5,5,1.0,0.565508505247919,1.0000000000000002,1.0,870,True
20,Bare_Rocks,Bare Rocks,3506,6,5,6,0.8333333333333334,0.4364905634363539,0.9699474141282696,0.8693667997718197,3506,True
3,Woodland_Savanna,Closed Savannah,10257,7,6,7,0.8571428571428571,0.4868654966809702,0.9743210440510253,0.96168470312957,10257,True
12,Open_Savannah,Open Savannah,20850,7,5,7,0.7142857142857143,0.35892909014821267,0.9177828342909845,0.6047002398081535,20850,True
8,Rubber,Tree Crop Plantation,5825,7,7,7,1.0,0.6456611570247934,1.0,0.9641201716738197,5825,True
17,Closed_Forest,Closed Forest,8640,8,5,8,0.625,0.3057378545838018,0.863158240538479,0.7262731481481481,8640,True
9,Rice,Annual Herbaceous Cultivation,24796,9,3,9,0.3333333333333333,0.12058159868274292,0.6458026525009103,0.8525971930956606,24796,True
4,Water,Water,147838,9,8,9,0.8888888888888888,0.5649937852319398,0.9801096286728695,0.9928570462262747,147838,True
16,Mango,Tree Crop Plantation,5024,11,9,11,0.8181818181818182,0.5230138624217553,0.9486333993289994,0.7404458598726115,5024,False
10,Palm,Tree Crop Plantation,6581,12,12,12,1.0,0.7574992425007574,0.9999999999999998,0.9922504178696246,6581,False
21,ANN,Annual Herbaceous Cultivation,9140,13,9,13,0.6923076923076923,0.4236888781333764,0.873195028383819,0.8832603938730853,9140,False
13,Open_Low_Shrubland,Open Low Shrubland,10579,14,6,14,0.42857142857142855,0.21380509930400526,0.6740973309713064,0.5604499480102089,10579,False
18,built-up,Built up,3585,15,14,15,0.9333333333333333,0.70182922447576,0.9881334113938052,0.9838214783821478,3585,False
5,Shrub_Crop,Shrub Crop,2935,15,8,15,0.5333333333333333,0.3011663015105079,0.7519077474025356,0.18057921635434412,2935,False
14,Open_Forest,Open Forest,5094,17,13,17,0.7647058823529411,0.5273775411082839,0.9044511092832406,0.7646250490773459,5094,False
23,cashew,Tree Crop Plantation,619,20,18,20,0.9,0.6989617935882066,0.9721341060158467,0.9563812600969306,619,False
1,wetland,Swamp,83456,29,26,29,0.896551724137931,0.7361455275293085,0.9641857596186989,0.8707462615030674,83456,False
2,mangrove20,Mangrove,35687,49,45,49,0.9183673469387755,0.8081061295851386,0.9677977037582878,0.9514388993190798,35687,False
22,cocoa,Tree Crop Plantation,950,49,47,49,0.9591836734693877,0.8628671652316888,0.9887346030720716,0.9547368421052631,950,False
