,precision,recall,f1-score,support
1: wetland,0.8125,0.896551724137931,0.8524590163934426,29.0
2: mangrove20,0.9183673469387755,0.9183673469387755,0.9183673469387755,49.0
3: Woodland_Savanna,0.8571428571428571,0.8571428571428571,0.8571428571428571,7.0
4: Water,0.8888888888888888,0.8888888888888888,0.8888888888888888,9.0
5: Shrub_Crop,0.6153846153846154,0.5333333333333333,0.5714285714285714,15.0
6: Salt,0.6666666666666666,0.6666666666666666,0.6666666666666666,3.0
7: S_Flood,0.8,0.8,0.8,5.0
8: Rubber,1.0,1.0,1.0,7.0
9: Rice,0.5,0.3333333333333333,0.4,9.0
10: Palm,1.0,1.0,1.0,12.0
11: P_flood,1.0,1.0,1.0,3.0
12: Open_Savannah,0.8333333333333334,0.7142857142857143,0.7692307692307693,7.0
13: Open_Low_Shrubland,0.5454545454545454,0.42857142857142855,0.48,14.0
14: Open_Forest,0.7222222222222222,0.7647058823529411,0.7428571428571429,17.0
15: Mining,0.8333333333333334,1.0,0.9090909090909091,5.0
16: Mango,0.6428571428571429,0.8181818181818182,0.72,11.0
17: Closed_Forest,0.7142857142857143,0.625,0.6666666666666666,8.0
18: built-up,1.0,0.9333333333333333,0.9655172413793104,15.0
19: Beach,1.0,1.0,1.0,5.0
20: Bare_Rocks,1.0,0.8333333333333334,0.9090909090909091,6.0
21: ANN,0.6,0.6923076923076923,0.6428571428571429,13.0
22: cocoa,0.9038461538461539,0.9591836734693877,0.9306930693069307,49.0
23: cashew,0.9473684210526315,0.9,0.9230769230769231,20.0
accuracy,0.8333333333333334,0.8333333333333334,0.8333333333333334,0.8333333333333334
macro avg,0.817463097452473,0.8070950880990189,0.8093058313485174,318.0
weighted avg,0.8302797323589283,0.8333333333333334,0.8295115110967584,318.0
